<?xml version='1.0' encoding='UTF-8' ?>
<timeLogEntries>
  <time id="1" path="/Non Project/PSP Fundamentals &amp; Advanced/Program 1/Planning" start="@1486330738147" delta="46" />
  <time id="2" path="/Non Project/PSP Fundamentals &amp; Advanced/Program 1/Design" start="@1486333499345" delta="26" />
  <time id="3" path="/Non Project/PSP Fundamentals &amp; Advanced/Program 1/Code" start="@1486335072682" delta="61" interrupt="9" />
  <time id="4" path="/Non Project/PSP Fundamentals &amp; Advanced/Program 1/Code" start="@1486339982343" delta="34" />
  <time id="5" path="/Non Project/PSP Fundamentals &amp; Advanced/Program 1/Code" start="@1486344600336" delta="93" />
  <time id="6" path="/Non Project/PSP Fundamentals &amp; Advanced/Program 1/Code" start="@1486402090904" delta="79" />
  <time id="7" path="/Non Project/PSP Fundamentals &amp; Advanced/Program 1/Compile" start="@1486406851417" delta="4" />
  <time id="8" path="/Non Project/PSP Fundamentals &amp; Advanced/Program 1/Compile" start="@1486410214916" delta="23" />
  <time id="9" path="/Non Project/PSP Fundamentals &amp; Advanced/Program 1/Test" start="@1486411601565" delta="11" />
  <time id="10" path="/Non Project/PSP Fundamentals &amp; Advanced/Program 1/Postmortem" start="@1486412241078" delta="11" />
  <time id="11" path="/Non Project/PSP Fundamentals &amp; Advanced/Program 2/Planning" start="@1487634225506" delta="83" />
  <time id="12" path="/Non Project/PSP Fundamentals &amp; Advanced/Program 2/Design" start="@1487639216625" delta="38" />
  <time id="13" path="/Non Project/PSP Fundamentals &amp; Advanced/Program 2/Code" start="@1487641521035" delta="124" interrupt="65" />
  <time id="14" path="/Non Project/PSP Fundamentals &amp; Advanced/Program 2/Code" start="@1487654956914" delta="17" />
  <time id="15" path="/Non Project/PSP Fundamentals &amp; Advanced/Program 2/Code" start="@1487777658344" delta="68" />
  <time id="16" path="/Non Project/PSP Fundamentals &amp; Advanced/Program 2/Compile" start="@1487781730955" delta="4" />
  <time id="17" path="/Non Project/PSP Fundamentals &amp; Advanced/Program 2/Test" start="@1487781975545" delta="52" />
  <time id="18" path="/Non Project/PSP Fundamentals &amp; Advanced/Program 2/Test" start="@1487790375110" delta="50" />
  <time id="19" path="/Non Project/PSP Fundamentals &amp; Advanced/Program 2/Postmortem" start="@1487796617226" delta="21" />
  <time id="20" path="/Non Project/PSP Fundamentals &amp; Advanced/Program 3/Planning" start="@1488479908101" delta="109" />
  <time id="21" path="/Non Project/PSP Fundamentals &amp; Advanced/Program 3/Design" start="@1488486463147" delta="1" />
  <time id="22" path="/Non Project/PSP Fundamentals &amp; Advanced/Program 3/Design" start="@1488553443971" delta="66" />
  <time id="23" path="/Non Project/PSP Fundamentals &amp; Advanced/Program 3/Design Review" start="@1488557404909" delta="16" />
  <time id="24" path="/Non Project/PSP Fundamentals &amp; Advanced/Program 3/Code" start="@1488558385564" delta="39" />
  <time id="25" path="/Non Project/PSP Fundamentals &amp; Advanced/Program 3/Code" start="@1488573381770" delta="144" />
  <time id="26" path="/Non Project/PSP Fundamentals &amp; Advanced/Program 3/Code" start="@1488770376774" delta="16" />
  <time id="27" path="/Non Project/PSP Fundamentals &amp; Advanced/Program 3/Code Review" start="@1488771365586" delta="15" />
  <time id="28" path="/Non Project/PSP Fundamentals &amp; Advanced/Program 3/Compile" start="@1488772278671" delta="5" />
  <time id="29" path="/Non Project/PSP Fundamentals &amp; Advanced/Program 3/Test" start="@1488772591765" delta="60" />
  <time id="30" path="/Non Project/PSP Fundamentals &amp; Advanced/Program 3/Postmortem" start="@1488776185999" delta="26" />
  <time id="31" path="/Non Project/PSP Fundamentals &amp; Advanced/Program 4/Planning" start="@1490048058198" delta="64" />
  <time id="32" path="/Non Project/PSP Fundamentals &amp; Advanced/Program 4/Design" start="@1490051881582" delta="49" interrupt="14" />
  <time id="33" path="/Non Project/PSP Fundamentals &amp; Advanced/Program 4/Design Review" start="@1490055694159" delta="14" />
  <time id="34" path="/Non Project/PSP Fundamentals &amp; Advanced/Program 4/Code" start="@1490056532270" delta="149" interrupt="1" />
  <time id="35" path="/Non Project/PSP Fundamentals &amp; Advanced/Program 4/Code Review" start="@1490065507314" delta="10" interrupt="30" />
  <time id="36" path="/Non Project/PSP Fundamentals &amp; Advanced/Program 4/Compile" start="@1490067959661" delta="1" />
  <time id="37" path="/Non Project/PSP Fundamentals &amp; Advanced/Program 4/Test" start="@1490068031673" delta="8" />
  <time id="38" path="/Non Project/PSP Fundamentals &amp; Advanced/Program 4/Test" start="@1490068525227" delta="16" />
  <time id="39" path="/Non Project/PSP Fundamentals &amp; Advanced/Program 4/Postmortem" start="@1490069462035" delta="30" />
  <time id="40" path="/Non Project/PSP Fundamentals &amp; Advanced/Program 5/Planning" start="@1491322795135" delta="98" interrupt="16" />
  <time id="41" path="/Non Project/PSP Fundamentals &amp; Advanced/Program 5/Design" start="@1491329649454" delta="32" />
  <time id="42" path="/Non Project/PSP Fundamentals &amp; Advanced/Program 5/Planning" start="@1491331590315" delta="10" />
  <time id="43" path="/Non Project/PSP Fundamentals &amp; Advanced/Program 5/Design" start="@1491332173341" delta="11" />
  <time id="44" path="/Non Project/PSP Fundamentals &amp; Advanced/Program 5/Design" start="@1491338923946" delta="50" />
  <time id="45" path="/Non Project/PSP Fundamentals &amp; Advanced/Program 5/Design Review" start="@1491341938669" delta="21" />
  <time id="46" path="/Non Project/PSP Fundamentals &amp; Advanced/Program 5/Code" start="@1491343204760" delta="2" />
  <time id="47" path="/Non Project/PSP Fundamentals &amp; Advanced/Program 5/Code" start="@1491363770874" delta="137" interrupt="3" />
  <time id="48" path="/Non Project/PSP Fundamentals &amp; Advanced/Program 5/Code Review" start="@1491372237682" delta="19" />
  <time id="49" path="/Non Project/PSP Fundamentals &amp; Advanced/Program 5/Test" start="@1491373378822" delta="10" />
  <time id="50" path="/Non Project/PSP Fundamentals &amp; Advanced/Program 5/Test" start="@1491375676676" delta="30" />
  <time id="51" path="/Non Project/PSP Fundamentals &amp; Advanced/Program 5/Test" start="@1491378294435" delta="26" />
  <time id="52" path="/Non Project/PSP Fundamentals &amp; Advanced/Program 5/Postmortem" start="@1491379855105" delta="29" />
  <time id="53" path="/Non Project/PSP Fundamentals &amp; Advanced/Program 5/Postmortem" start="@1491392912804" delta="3" />
  <time id="54" path="/Non Project/PSP Fundamentals &amp; Advanced/Program 6/Planning" start="@1492548953232" delta="47" />
  <time id="55" path="/Non Project/PSP Fundamentals &amp; Advanced/Program 6/Design" start="@1492551753983" delta="31" />
  <time id="56" path="/Non Project/PSP Fundamentals &amp; Advanced/Program 6/Design Review" start="@1492614753422" delta="9" />
  <time id="57" path="/Non Project/PSP Fundamentals &amp; Advanced/Program 6/Code" start="@1492615307073" delta="32" />
  <time id="58" path="/Non Project/PSP Fundamentals &amp; Advanced/Program 6/Code Review" start="@1492618496473" delta="10" />
  <time id="59" path="/Non Project/PSP Fundamentals &amp; Advanced/Program 6/Test" start="@1492619097769" delta="14" />
  <time id="60" path="/Non Project/PSP Fundamentals &amp; Advanced/Program 6/Postmortem" start="@1492626260520" delta="15" />
  <time id="61" path="/Non Project/PSP Fundamentals &amp; Advanced/Program 7/Planning" start="@1493797115819" delta="92" />
  <time id="62" path="/Non Project/PSP Fundamentals &amp; Advanced/Program 7/Design" start="@1493802657152" delta="70" />
  <time id="63" path="/Non Project/PSP Fundamentals &amp; Advanced/Program 7/Design Review" start="@1493806878258" delta="21" />
  <time id="64" path="/Non Project/PSP Fundamentals &amp; Advanced/Program 7/Code" start="@1493808160584" delta="175" interrupt="4" />
</timeLogEntries>
